generated_text;target_text;author;preds;real_preds;iscorrect;explanation
Trabalho de revisão bibliográfica? A essa altura, a análise já está comprovada? Qual é a motivação para essa investigação? Quero ler por deusos; O seu trabalho é uma revisão bibliográfica? vc pode sintetizar a explicação do tema confrontando sua evolução conforme os anos. Nas últimas duas linhas escreve o porquê do trabalho. Quero ler, hein. ;r2_bo_208;4;4;correct;"<think>
Okay, let's tackle this. The user wants me to explain why the given text pair is labeled as ""correct"" in Brazilian Portuguese. First, I need to compare the generated_text and target_text.;;;;;;
;;;;;;
Looking at the target_text, it's in Portuguese and includes questions like ""Trabalho de revisão bibliográfica?"" and ""Quero ler por deusos."" The generated_text is ""O seu trabalho é uma revisão bibliográfica? vc pode sintetizar a explicação do tema confrontando sua evolução conforme os anos. Nas últimas duas linhas escreve o porquê do trabalho. Quero ler, hein."" ;;;;;;
;;;;;;
So, the generated text rephrases the original questions into a more structured format. The key points are asking if it's a literature review, to synthesize the explanation by comparing the theme's evolution over the years, and to write the reason in the last two lines. The phrase ""Quero ler, hein"" is a colloquial version of ""Quero ler por deusos,"" which is in the target text. ;;;;;;
;;;;;;
The label is ""correct,"" so the generated text must preserve syntax, semantics, and style. The generated text uses similar question structures and maintains the intent of the target text. Even though there are some grammatical differences like ""vc"" instead of ""você,"" the overall meaning is retained. The colloquial ""hein"" at the end matches the informal tone of ""por deusos."" ;;;;;;
;;;;;;
Therefore, the explanation should mention the preservation of the main questions, the structure, and the informal closing phrase. Need to make sure it's concise and in Portuguese.;;;;;;
</think>;;;;;;
;;;;;;
```json;;;;;;
{;;;;;;
  ""generated_text"": ""O seu trabalho é uma revisão bibliográfica? vc pode sintetizar a explicação do tema confrontando sua evolução conforme os anos. Nas últimas duas linhas escreve o porquê do trabalho. Quero ler, hein."",;;;;;;
  ""target_text"": ""Trabalho de revisão bibliográfica? A essa altura, a análise já está comprovada? Qual é a motivação para essa investigação? Quero ler por deusos"",;;;;;;
  ""label"": ""correct"",;;;;;;
  ""explanation"": ""O texto gerado preserva a estrutura interrogativa do texto alvo ('revisão bibliográfica', 'explicação do tema', 'porquê do trabalho') e mantém a tom informal em 'Quero ler, hein' (equivalente a 'Quero ler por deusos'). Além disso, reforça a solicitação de síntese da análise e sua motivação, mantendo a essência semântica do original."";;;;;;
};;;;;;
```";;;;;;
Qual é a situação? Me afastou de possuir; O que aconteceu? Perdi ;r2_bo_208;3;4;incorrect;"<think>
Okay, I need to analyze why the given text pair is labeled as incorrect. Let me start by looking at the target text and the generated text.;;;;;;
;;;;;;
The target text is: ""Qual é a situação? Me afastou de possuir"". It's in Portuguese, and the first part is a question asking about the situation, and the second part is someone saying they were kept away from something.;;;;;;
;;;;;;
The generated text is: ""O que aconteceu? Perdi"". This translates to ""What happened? I lost"". ;;;;;;
;;;;;;
So, the first part of the generated text is a different question than the target. The target asks ""Qual é a situação?"" which is more about the current situation, while the generated one is asking ""O que aconteceu?"" which is about what happened. That's a change in the question's intent.;;;;;;
;;;;;;
In the second part, the target says ""Me afastou de possuir"", meaning ""He/She kept me from possessing"". The generated text says ""Perdi"" which is ""I lost"". This is a significant change in meaning. The original implies someone else caused the loss, while the generated text is a direct statement of losing something without the third party.;;;;;;
;;;;;;
The label is incorrect because the generated text doesn't preserve the syntactic structure (different questions) and the semantic meaning (change from being prevented from possessing to directly losing). The stylistic aspect might also be different, but the main issues are syntax and semantics.;;;;;;
;;;;;;
I need to make sure my explanation in Portuguese references these specific parts. Let me check the example again to follow the structure. The explanation should be concise, mention the specific words, and link them to the label. So, in Portuguese: the generated text changes the question from ""Qual é a situação?"" to ""O que aconteceu?"" and alters ""Me afastou de possuir"" to ""Perdi"", which changes the meaning from being prevented to directly losing, thus not preserving syntactic and semantic aspects.;;;;;;
</think>;;;;;;
;;;;;;
label: incorrect  ;;;;;;
generated_text: ""O que aconteceu? Perdi""  ;;;;;;
target_text: ""Qual é a situação? Me afastou de possuir""  ;;;;;;
explanation: ""O texto gerado altera a estrutura sintática e o significado semântico do texto alvo. A pergunta 'Qual é a situação?' é substituída por 'O que aconteceu?', e a frase 'Me afastou de possuir' é simplificada para 'Perdi', omitindo a ação de um agente externo e mudando o foco da frase.""";;;;;;
eu e tu; Eu e tu ;r2_bo_344;3;3;correct;"<think>
Okay, let's see. The user provided a pair of texts and wants me to explain why the label is ""correct"" or ""incorrect"". The target text is ""eu e tu"" and the generated text is ""Eu e tu"". The label is correct. ;;;;;;
;;;;;;
First, I need to check if the generated text preserves the syntactic, semantic, and stylistic characteristics of the target. The target is ""eu e tu"" in lowercase. The generated text has the same words but with ""Eu"" capitalized. In Portuguese, the first word of a sentence is capitalized, but ""eu e tu"" is a short phrase, not a sentence. However, in some contexts, like a title or a heading, the first letter might be capitalized. But here, the generated text just capitalizes ""Eu"", which is the first word. ;;;;;;
;;;;;;
Wait, in Portuguese, if it's a sentence, the first letter is capitalized. But ""eu e tu"" is a phrase, not a full sentence. However, the generated text capitalizes ""Eu"", which is correct if it's the start of a sentence. But the target text is in lowercase. So maybe the generated text is treating it as a sentence, which it's not. Hmm, but the target text is just ""eu e tu"" as a phrase. So the generated text is correct in capitalizing the first letter if it's the start of a sentence. But since the target is lowercase, is that an issue?;;;;;;
;;;;;;
Wait, the target text is given as ""eu e tu"", all lowercase. The generated text is ""Eu e tu"", capitalizing the first letter. The label is correct. So the explanation should mention that the generated text correctly capitalizes the first word of the phrase, even though the target is lowercase. But maybe the target is not a sentence, so the generated text is actually incorrect? Or is there a reason for the capitalization?;;;;;;
;;;;;;
Alternatively, maybe the target text is a title or a heading where the first letter is capitalized. But the target is in lowercase. The generated text capitalizes ""Eu"", which might be a stylistic choice. However, the label is correct, so the generated text must be preserving the characteristics. Maybe in the context where this is used, capitalization isn't critical, and the content is the same. The words ""Eu e tu"" are the same as ""eu e tu"", just with the first letter capitalized. Since the content is identical, maybe the stylistic difference is acceptable. ;;;;;;
;;;;;;
So the explanation in Portuguese should point out that the generated text correctly preserves the content (same words) and the structure (order of words), even though there's a minor stylistic difference in capitalization. But the label is correct, so the explanation must justify that the changes don't affect the meaning or structure. Therefore, the explanation would mention that the words are the same, just with the first word capitalized, which is acceptable and doesn't alter the meaning.;;;;;;
</think>;;;;;;
;;;;;;
```json;;;;;;
{;;;;;;
  ""generated_text"": ""Eu e tu"",;;;;;;
  ""target_text"": ""eu e tu"",;;;;;;
  ""label"": ""correct"",;;;;;;
  ""explanation"": ""O texto gerado preserva as palavras 'eu e tu' da versão original, mantendo a ordem e o significado, apenas com a capitalização do primeiro termo, o que não altera a semântica ou a estrutura do conteúdo."";;;;;;
};;;;;;
```";;;;;;
Mandem a revolução p/ cair novamente; Rezando pra outra Revolução Pernambucana acontecer! ;r2_bo_344;4;3;incorrect;"<think>
Alright, let me tackle this. The user provided a target text and a generated text, with the label ""incorrect"". I need to explain why they're classified as such.;;;;;;
;;;;;;
First, looking at the target text: ""Mandem a revolução p/ cair novamente."" That's in Portuguese, asking to make the revolution fall again. The generated text is ""Rezando pra outra Revolução Pernambucana acontecer!"" which translates to ""Praying for another Pernambucan Revolution to happen!"";;;;;;
;;;;;;
The label is incorrect, so the generated text should not preserve the syntactic, semantic, or stylistic aspects. Let's break it down.;;;;;;
;;;;;;
Syntactically, the target is a command (""Mandem...""), while the generated is a declarative sentence with a verb in gerundio (""Rezando pra...""). So structure is different.;;;;;;
;;;;;;
Semantically, the target is about making the revolution fall again, implying opposition. The generated is wishing for another revolution to happen, which is a positive wish, opposite in intent. So the meaning is inverted.;;;;;;
;;;;;;
Stylistically, the target uses imperative and a direct call to action. The generated uses a prayer-like expression, which is more personal and less direct. The tone is different.;;;;;;
;;;;;;
I should mention specific words: ""cair novamente"" vs ""acontecer"", and the shift from imperative to gerund. Also, the inversion of intent from opposing to supporting the revolution. The explanation should note these differences in syntax, semantics, and style leading to the incorrect label.;;;;;;
</think>;;;;;;
;;;;;;
```json;;;;;;
{;;;;;;
  ""generated_text"": ""Rezando pra outra Revolução Pernambucana acontecer!"",;;;;;;
  ""target_text"": ""Mandem a revolução p/ cair novamente"",;;;;;;
  ""label"": ""incorrect"",;;;;;;
  ""explanation"": ""O texto gerado não preserva a semântica e a estrutura sintática do texto alvo. Enquanto o texto alvo expressa um desejo de que a revolução \""caia novamente\"", o texto gerado inverte o sentido ao mencionar que se está \""rezando pra outra Revolução Pernambucana acontecer\"", o que contradiz a intenção original de oposição à revolução. Além disso, a forma imperativa do texto alvo (\""Mandem\"") é substituída por uma construção oracional indireta (\""Rezando pra...\"")."";;;;;;
};;;;;;
```";;;;;;
Vejam o pronunciamento de Sérgio Moro sobre STF, quadrilhões, realidade do sistema prisional e o que ele fez, por @; ASSISTA: SERGIO MORO SE PRONUNCIA - STF, FACÇÕES CRIMINOSAS, PRESÍDIOS, ... via @ ;r2_cl_2165;1;1;correct;"<think>
Okay, let's tackle this. The user wants me to generate an explanation in Brazilian Portuguese for why a given text pair is labeled ""correct"" or ""incorrect"". The example provided has a correct label, so I need to analyze the generated and target texts to see why they fit the correct criteria.;;;;;;
;;;;;;
First, I'll look at the target text: ""Vejam o pronunciamento de Sérgio Moro sobre STF, quadrilhões, realidade do sistema prisional e o que ele fez, por @"". The generated text is ""ASSISTA: SERGIO MORO SE PRONUNCIA - STF, FACÇÕES CRIMINOSAS, PRESÍDIOS, ... via @"". The label is correct, so I need to see if the generated text preserves the syntactic, semantic, and stylistic elements of the target.;;;;;;
;;;;;;
Syntactically, both texts are headings or titles. The target uses ""Vejam o pronunciamento"" while the generated uses ""ASSISTA: SERGIO MORO SE PRONUNCIA"". The structure is similar, with the main subject (Sérgio Moro) and the topics mentioned (STF, presídios, etc.). The generated text uses uppercase letters and a colon, which might be stylistic differences but still conveys the same intent.;;;;;;
;;;;;;
Semantically, both texts are about Sérgio Moro making a statement regarding STF and the prison system. The generated text mentions ""facções criminosas"" which is a bit more specific than the target's ""realidade do sistema prisional"", but it's still within the same topic. The key points are preserved.;;;;;;
;;;;;;
Stylistically, the target uses lowercase and a comma, while the generated uses uppercase and a dash. However, the overall style as a headline is maintained. The use of ""via @"" in the generated matches the target's ""por @"", indicating the source.;;;;;;
;;;;;;
The explanation should note the preservation of key elements: the subject (Sérgio Moro), the main topics (STF, prison system), and the structure as a headline. Even though there are minor differences in wording and style, the core message is maintained, which justifies the correct label.;;;;;;
</think>;;;;;;
;;;;;;
```json;;;;;;
{;;;;;;
  ""generated_text"": ""ASSISTA: SERGIO MORO SE PRONUNCIA - STF, FACÇÕES CRIMINOSAS, PRESÍDIOS, ... via @"",;;;;;;
  ""target_text"": ""Vejam o pronunciamento de Sérgio Moro sobre STF, quadrilhões, realidade do sistema prisional e o que ele fez, por @"",;;;;;;
  ""label"": ""correct"",;;;;;;
  ""explanation"": ""O texto gerado preserva a estrutura semântica e o conteúdo principal do texto alvo, mantendo a menção a Sérgio Moro, o STF e o sistema prisional, além da indicação do autor '@'. A diferença de estilo (como o uso de maiúsculas e pontuação) não compromete a correspondência dos elementos essenciais."";;;;;;
};;;;;;
```";;;;;;
Exclusivo com Bolsonaro - Parte 0 | [Nome da Fonte]; ENTREVISTA EXCLUSIVA COM JAIR BOLSONARO - PARTE 0 via @ ;r2_cl_2165;0;1;incorrect;"<think>
Okay, let's tackle this problem. The user wants me to explain why the given text pair is labeled as ""incorrect"" based on the instructions. The target text is ""Exclusivo com Bolsonaro - Parte 0 | [Nome da Fonte]"" and the generated text is ""ENTREVISTA EXCLUSIVA COM JAIR BOLSONARO - PARTE 0 via @"". ;;;;;;
;;;;;;
First, I need to check if the generated text preserves the syntactic, semantic, and stylistic characteristics of the target text. ;;;;;;
;;;;;;
Syntactically, the target text uses lowercase ""exclusivo"" and ""parte 0"", while the generated text uses all caps ""ENTREVISTA EXCLUSIVA"" and ""PARTE 0"". That's a difference in capitalization, which affects syntax.;;;;;;
;;;;;;
Semantically, the target mentions ""Bolsonaro"" without the full name, but the generated text uses ""JAIR BOLSONARO"", adding the first name. This changes the specificity, which might alter the meaning slightly. Also, the target has ""[Nome da Fonte]"" which is a placeholder, but the generated text uses ""via @"" which introduces a different element, possibly a social media handle. That's a semantic difference because the source indication is different.;;;;;;
;;;;;;
Stylistically, the target uses a hyphen and a pipe, while the generated text uses a hyphen and ""via @"". The all caps in the generated text might indicate a different style, maybe more formal or attention-seeking compared to the target's more neutral presentation.;;;;;;
;;;;;;
Putting this together, the generated text doesn't preserve the original structure, specific wording, and stylistic elements. The changes in capitalization, adding the first name, and altering the source notation all contribute to the ""incorrect"" label. I need to mention these points in the explanation, using specific examples from the texts.;;;;;;
</think>;;;;;;
;;;;;;
{;;;;;;
  ""generated_text"": ""ENTREVISTA EXCLUSIVA COM JAIR BOLSONARO - PARTE 0 via @"",;;;;;;
  ""target_text"": ""Exclusivo com Bolsonaro - Parte 0 | [Nome da Fonte]"",;;;;;;
  ""label"": ""incorrect"",;;;;;;
  ""explanation"": ""O texto gerado altera a capitalização ('Exclusivo' para 'ENTREVISTA EXCLUSIVA'), adiciona o nome completo 'JAIR' ao invés de 'Bolsonaro' e substitui '[Nome da Fonte]' por 'via @', divergindo nas características sintáticas, semânticas e estilísticas do texto alvo."";;;;;;
}";;;;;;
Acha melhor residência na Venezuela, sr. Wagner Moura. Sabe que tatuagem da suástica foi feita pela mesma jovem? Sabe se ex-presidente Fernando Henrique Cardoso, conhecido publicamente, apoio o PT e estuda no esquema político? Chama Ciro Gomes, chamado de Rivotril, o democrata? Vive os EUA;" Ôh, Wagner Moura! Porque não vai morar na Venezuela? Sabia que a ""suástica tatuada"" na barriga da moça, foi ela mesma quem fez? Por acaso não viu, o FDP do FHC apoiando o pt e o esquemão, no qual, ele também se encontra? Falar que Ciro ""Rivotril"" é democrata! Putz! Tá no USA, né! ";r2_gl_1071;2;2;correct;"<think>
Okay, let's tackle this. The user wants me to explain why the given text pair is labeled as ""correct"" based on the instructions. The generated text and target text are in Brazilian Portuguese, so I need to be careful with the nuances.;;;;;;
;;;;;;
First, I'll look at the target text. It's a bit formal and structured, asking questions about Wagner Moura moving to Venezuela, a girl's tattoo, FHC's support for PT, and Ciro Gomes. The generated text is more informal, using phrases like ""Ôh,"" ""FDP do FHC,"" and ""Putz."" But according to the label ""correct,"" the generated text should preserve syntactic, semantic, and stylistic characteristics. Wait, but the target is formal and the generated is informal. That seems contradictory. Hmm.;;;;;;
;;;;;;
Wait, maybe I'm misunderstanding. The instruction says ""correct"" if the generated text preserves the characteristics of the target. But in this case, the target is formal, and the generated is informal. So that would make it incorrect. But the label is correct. Hmm, maybe there's a mistake here. Or perhaps the stylistic characteristics are not about formality but something else. Let me check the example given.;;;;;;
;;;;;;
In the example, the target and generated texts are both biblical in style, so the explanation would focus on preserving the style. Here, the target is a series of questions with a certain tone, and the generated text uses colloquial language. Maybe the user considers that the generated text captures the intent and key points, even if the style is different. But according to the instructions, stylistic characteristics should be preserved. So if the target is formal and the generated is informal, that's a problem. But the label is correct. Maybe I need to look deeper.;;;;;;
;;;;;;
Looking at the content: the generated text addresses the same points as the target: moving to Venezuela, the girl's tattoo, FHC's support for PT, Ciro Gomes being called Rivotril, and being in the USA. The key elements are present. The syntax is similar in structure, using questions. The semantic content is the same. The stylistic difference is in the tone (informal vs. formal), but perhaps the user is considering that the generated text maintains the core message and structure, even if the style is more colloquial. Maybe in this context, the stylistic characteristics refer more to the structure of the questions and the references rather than the formality. ;;;;;;
;;;;;;
The explanation should mention that the generated text retains the main topics and structure, even with a different tone. The user might be prioritizing semantic and syntactic preservation over stylistic formality. So the explanation would highlight the key points being addressed in the same order and structure, despite the informal language. That's probably why it's labeled correct.;;;;;;
</think>;;;;;;
;;;;;;
```json;;;;;;
{;;;;;;
  ""generated_text"": ""Ôh, Wagner Moura! Porque não vai morar na Venezuela? Sabia que a \""suástica tatuada\"" na barriga da moça, foi ela mesma quem fez? Por acaso não viu, o FDP do FHC apoiando o pt e o esquemão, no qual, ele também se encontra? Falar que Ciro \""Rivotril\"" é democrata! Putz! Tá no USA, né! "",;;;;;;
  ""target_text"": ""Acha melhor residência na Venezuela, sr. Wagner Moura. Sabe que tatuagem da suástica foi feita pela mesma jovem? Sabe se ex-presidente Fernando Henrique Cardoso, conhecido publicamente, apoio o PT e estuda no esquema político? Chama Ciro Gomes, chamado de Rivotril, o democrata? Vive os EUA"",;;;;;;
  ""label"": ""correct"",;;;;;;
  ""explanation"": ""O texto gerado preserva a estrutura sintática e o conteúdo semântico do texto alvo, abordando os mesmos temas (migração para a Venezuela, tatuagem suástica, apoio de FHC ao PT, Ciro Gomes e residência nos EUA) com linguagem coloquial, mas mantendo a essência das perguntas e referências."";;;;;;
};;;;;;
```";;;;;;
Fazer um fogo no acampamento ou imitar os canhotos e ficar com o que está lendo; Ou acender fogueira em acampamento, ou fazer igual aos da canhota, ficar com o ku letrado! ;r2_gl_1071;4;2;incorrect;"<think>
Alright, let's tackle this problem. The user provided a pair of texts and wants an explanation in Brazilian Portuguese for why the label is ""incorrect"". ;;;;;;
;;;;;;
First, I need to compare the generated_text and target_text. The target_text says: ""Fazer um fogo no acampamento ou imitar os canhotos e ficar com o que está lendo."" The generated_text is: ""Ou acender fogueira em acampamento, ou fazer igual aos da canhota, ficar com o ku letrado!"";;;;;;
;;;;;;
Looking at the syntactic differences: ""Fazer um fogo"" becomes ""acender fogueira"", which is a bit different but similar. The structure ""ou imitar os canhotos"" vs. ""fazer igual aos da canhota"" – ""canhotos"" is ""left-handed people"", and ""fazer igual aos da canhota"" might be a colloquial way of saying the same, but the phrasing is altered. ;;;;;;
;;;;;;
Semantic issues: ""ficar com o que está lendo"" in the target means ""keep what you're reading"". The generated text says ""ficar com o ku letrado!"" Here, ""ku letrado"" is a slang or misspelling of ""quilo literado"" (educated person), but it's not the same as ""o que está lendo"". This changes the meaning significantly. The generated text is about keeping with the educated, not keeping the text you're reading. ;;;;;;
;;;;;;
Stylistic differences: The original uses formal language, while the generated version uses slang (""ku letrado""), which is more informal and potentially incorrect. Also, ""fazer igual aos da canhota"" is less precise than ""imitar os canhotos"".;;;;;;
;;;;;;
So, the generated text fails to preserve the semantic content and stylistic formality of the target. The key mistake is the substitution of ""o que está lendo"" with ""ku letrado"", which alters the meaning. That's why the label is incorrect.;;;;;;
</think>;;;;;;
;;;;;;
```json;;;;;;
{;;;;;;
  ""generated_text"": ""Ou acender fogueira em acampamento, ou fazer igual aos da canhota, ficar com o ku letrado! "",;;;;;;
  ""target_text"": ""Fazer um fogo no acampamento ou imitar os canhotos e ficar com o que está lendo"",;;;;;;
  ""label"": ""incorrect"",;;;;;;
  ""explanation"": ""O texto gerado altera significativamente a semântica e a estilo do texto alvo. Substitui 'fazer um fogo no acampamento' por 'acender fogueira em acampamento' (menos preciso), 'imitar os canhotos' por 'fazer igual aos da canhota' (colocação informal) e, crucialmente, distorce 'ficar com o que está lendo' para 'ficar com o ku letrado!', substituindo o conceito central do trecho original."";;;;;;
};;;;;;
```";;;;;;
Assuntos Judaicos: Mulher brasileira serve na Força de Defesa de Israel; Coisas Judaicas : Jovem brasileira na IDF ;r2_lu_876;0;0;correct;"<think>
Okay, let's tackle this. The user wants me to explain why the given text pair is labeled as ""correct"" or ""incorrect"" in Brazilian Portuguese. Let's look at the example first to understand the structure.;;;;;;
;;;;;;
The target text is ""Assuntos Judaicos: Mulher brasileira serve na Força de Defesa de Israel"" and the generated text is ""Coisas Judaicas : Jovem brasileira na IDF"". The label is ""correct"". ;;;;;;
;;;;;;
First, I need to check if the generated text preserves the syntactic, semantic, and stylistic elements of the target text. ;;;;;;
;;;;;;
Syntactically, both have a title structure with a colon separating the topic from the subject. The target uses ""Assuntos Judaicos"" and the generated text uses ""Coisas Judaicas"". ""Coisas"" is a synonym for ""assuntos"", so that's semantically similar. ;;;;;;
;;;;;;
The target mentions a ""mulher brasileira"" (Brazilian woman) and the generated text says ""jovem brasileira"" (Brazilian young woman). ""Jovem"" adds the age aspect, but ""mulher"" is a synonym, so the semantic meaning is preserved. ;;;;;;
;;;;;;
Then, the target says ""serve na Força de Defesa de Israel"" (serves in the Israel Defense Forces) and the generated text uses ""na IDF"" (in IDF). IDF is the acronym for Israel Defense Forces, so that's a direct substitution. ;;;;;;
;;;;;;
Stylistically, both are headlines, so the brevity and structure are maintained. The generated text uses an acronym, which is common in headlines for conciseness. ;;;;;;
;;;;;;
The explanation should mention these points: synonym substitution (""Assuntos"" vs ""Coisas""), ""mulher"" vs ""jovem"", and the use of IDF as an acronym. Also, note that the structure is preserved. ;;;;;;
;;;;;;
Now, I need to phrase this in Brazilian Portuguese, keeping it concise. Make sure to reference specific words and connect them to the label. Avoid being subjective, just state the facts. ;;;;;;
;;;;;;
Check if all principles are covered: syntactic (structure), semantic (meaning through synonyms and acronyms), stylistic (headline format). Since all are preserved, the label is correct. ;;;;;;
;;;;;;
Now, putting it all together in a one or two-sentence explanation in Portuguese.;;;;;;
</think>;;;;;;
;;;;;;
```json;;;;;;
{;;;;;;
  ""generated_text"": ""Coisas Judaicas : Jovem brasileira na IDF"",;;;;;;
  ""target_text"": ""Assuntos Judaicos: Mulher brasileira serve na Força de Defesa de Israel"",;;;;;;
  ""label"": ""correct"",;;;;;;
  ""explanation"": ""A explicação deve ser aqui."";;;;;;
};;;;;;
```;;;;;;
;;;;;;
```json;;;;;;
{;;;;;;
  ""generated_text"": ""Coisas Judaicas : Jovem brasileira na IDF"",;;;;;;
  ""target_text"": ""Assuntos Judaicos: Mulher brasileira serve na Força de Defesa de Israel"",;;;;;;
  ""label"": ""correct"",;;;;;;
  ""explanation"": ""O texto gerado preserva a estrutura sintática (título seguido de conteúdo) e semântica (tema judaico, menção a uma brasileira ligada à IDF) do texto alvo, utilizando sinônimos como 'Coisas' em vez de 'Assuntos' e 'Jovem' em vez de 'Mulher', além de substituir 'Força de Defesa de Israel' pelo acrônimo 'IDF', mantendo a concisão típica de títulos de notícias."";;;;;;
};;;;;;
```";;;;;;
O Povinho Judento!!! Quem você pensa que é um herói judeu? A comunidade de fãs da rede de colaboração para o álbum temático com este...; Povo judeu em todo o mundo Que é um herói judeu? Estamos postando indicados dos nossos fãs para o álbum com este... ;r2_lu_876;3;0;incorrect;"<think>
Okay, let's tackle this. The user wants me to explain why the given text pair is labeled ""incorrect."" First, I need to compare the generated_text and target_text.;;;;;;
;;;;;;
Looking at the target_text: It starts with ""O Povinho Judento!!!"" which is a bit informal, maybe a typo or a specific term. Then it asks, ""Quem você pensa que é um herói judeu?"" followed by a sentence about a fan community collaborating on a themed album. The generated_text is ""Povo judeu em todo o mundo Que é um herói judeu? Estamos postando indicados dos nossos fãs para o álbum com este..."" ;;;;;;
;;;;;;
First, the target uses ""Povinho Judento"" with an exclamation mark and a typo (""Judento"" instead of ""Judeu""), while the generated text uses ""Povo judeu"" which is more standard. That's a syntactic difference. Then, the target's question is ""Quem você pensa que é um herói judeu?"" whereas the generated text simplifies it to ""Que é um herói judeu?"" losing the ""Quem você pensa que"" part, which changes the nuance. ;;;;;;
;;;;;;
Semantically, the target mentions a ""comunidade de fãs da rede de colaboração para o álbum temático,"" which the generated text translates as ""Estamos postando indicados dos nossos fãs para o álbum..."" The generated text is missing the collaborative network aspect and the thematic album part. Stylistically, the target has a more enthusiastic tone with multiple exclamation marks, which the generated text doesn't replicate. ;;;;;;
;;;;;;
So, the generated text doesn't preserve the original's syntax (like the typo and exclamation), semantics (collaborative community and thematic album details), and style (enthusiastic tone). Therefore, the label is incorrect.;;;;;;
</think>;;;;;;
;;;;;;
```json;;;;;;
{;;;;;;
  ""generated_text"": ""Povo judeu em todo o mundo Que é um herói judeu? Estamos postando indicados dos nossos fãs para o álbum com este... "",;;;;;;
  ""target_text"": ""O Povinho Judento!!! Quem você pensa que é um herói judeu? A comunidade de fãs da rede de colaboração para o álbum temático com este..."",;;;;;;
  ""label"": ""incorrect"",;;;;;;
  ""explanation"": ""O texto gerado não preserva a estrutura sintática (ex.: ausência de '!!!' e alteração de 'Povinho Judento' para 'Povo judeu'), o conteúdo semântico (ex.: omitiu 'comunidade de fãs da rede de colaboração' e 'temático') e o tom estilístico informal e entusiasmado do texto alvo."";;;;;;
};;;;;;
```";;;;;;
"O PT descobriu a pandemia para seus fins ideológicos, segundo palavras do líder que disse: ""AINDA BEM QUE A NATUREZA CRIOU O CORONAVÍRUS"". Evidentemente, não se preocupa com a perda de vidas, nem com os sofrimentos da humanidade, apenas com o povo, que, em sua opinião, devem ser controlados. Essa postura é claramente de natureza ideologicamente questionável e revela a tendência da esquerda em usar tristes eventos para seus fins de poder, algo que se observa em suas ações e manifestações.";" @ Para o PT a pandemia foi um achado, o Lula ladrão falou o que ele e o PT pensam sobre o vírus: ""AINDA BEM QUE A NATUREZA CRIOU O CORONAVIRUS'', palavras que não deixam dúvidas sobre o descaso petista com as vítimas da pandemia. Usar esta desgraça politicamente é típico do petismo ";r2_lu_94;1;5;incorrect;"<think>
Alright, let's tackle this. The user provided a target text and a generated text, and the label is ""incorrect"". I need to explain why they're labeled as such based on the given principles.;;;;;;
;;;;;;
First, I'll look at the target text. It's a critical statement about the PT (Brazilian political party) accusing them of using the pandemic for ideological purposes. The key points are the PT exploiting the pandemic, the leader's quote about the virus being a good thing, and the claim that they don't care about lives or human suffering, focusing only on controlling the people. The target text uses strong language like ""ideologicamente questionável"" and mentions the left's tendency to use tragic events for power.;;;;;;
;;;;;;
Now, the generated text. It says the pandemic was a ""achado"" (a find) for the PT, quoting the same phrase from Lula. It mentions the lack of concern for victims and using the tragedy politically as typical of ""petismo"". ;;;;;;
;;;;;;
Comparing both, the generated text captures the main idea about the PT using the pandemic for political gain and the quote. However, the target text includes more specific elements: the leader's exact quote, the mention of not caring about lives or human suffering, and the reference to controlling the people. The generated text omits these details. Additionally, the target text criticizes the party's ideological stance and connects it to left-wing tendencies, which the generated text doesn't address. The generated text is shorter and less detailed, missing some of the semantic depth and specific accusations present in the target. The stylistic tone is similar in being critical, but the generated lacks the same level of elaboration and specific references. Therefore, the generated text doesn't fully preserve the syntactic, semantic, and stylistic elements of the target, leading to the ""incorrect"" label.;;;;;;
</think>;;;;;;
;;;;;;
```json;;;;;;
{;;;;;;
  ""generated_text"": ""@ Para o PT a pandemia foi um achado, o Lula ladrão falou o que ele e o PT pensam sobre o vírus: \""AINDA BEM QUE A NATUREZA CRIOU O CORONAVIRUS'', palavras que não deixam dúvidas sobre o descaso petista com as vítimas da pandemia. Usar esta desgraça politicamente é típico do petismo"",;;;;;;
  ""target_text"": ""O PT descobriu a pandemia para seus fins ideológicos, segundo palavras do líder que disse: \""AINDA BEM QUE A NATUREZA CRIOU O CORONAVÍRUS\"". Evidentemente, não se preocupa com a perda de vidas, nem com os sofrimentos da humanidade, apenas com o povo, que, em sua opinião, devem ser controlados. Essa postura é claramente de natureza ideologicamente questionável e revela a tendência da esquerda em usar tristes eventos para seus fins de poder, algo que se observa em suas ações e manifestações."",;;;;;;
  ""label"": ""incorrect"",;;;;;;
  ""explanation"": ""O texto gerado omite elementos essenciais do texto-alvo, como a crítica direta à falta de preocupação com a perda de vidas e sofrimento humano, além de não mencionar a ideologização da esquerda e a relação com ações da esquerda. Além disso, o estilo mais conciso e a ausência de frases como 'controlados' e 'tristes eventos' indicam falha em preservar características semânticas e estilísticas originais."";;;;;;
};;;;;;
```";;;;;;
